{
  "id": "",
  "name": "",
  "font_family": "iconfont",
  "css_prefix_text": "icon-",
  "description": "",
  "glyphs": [
    {
      "icon_id": "978353",
      "name": "新浪微博",
      "font_class": "weibo",
      "unicode": "e63d",
      "unicode_decimal": 58941
    },
    {
      "icon_id": "1278388",
      "name": "weixing",
      "font_class": "weixing",
      "unicode": "e632",
      "unicode_decimal": 58930
    },
    {
      "icon_id": "3687496",
      "name": "小程序",
      "font_class": "xiaochengxu",
      "unicode": "e650",
      "unicode_decimal": 58960
    }
  ]
}
